keyword,group,target_page,estimated_current_position,target_position_30d,target_position_90d,search_volume,competition,priority
software house Pakistan,Hero/Brand,index.html,Not Ranking,51-100,21-50,1900,High,High
software company Pakistan,Hero/Brand,index.html,Not Ranking,51-100,21-50,2400,High,High
software development company Pakistan,Hero/Brand,index.html,Not Ranking,51-100,21-50,880,High,High
IT company Pakistan,Hero/Brand,about.html,Not Ranking,51-100,21-50,1300,High,High
software house in Lahore,Hero/Brand,index.html,Not Ranking,21-50,11-20,720,Medium,High
software house Lahore Pakistan,Hero/Brand,index.html,Not Ranking,21-50,11-20,320,Medium,High
software outsourcing Pakistan,Hero/Brand,index.html,Not Ranking,21-50,11-20,320,Medium,High
Rightway Systems,Hero/Brand,index.html,1-10,1-10,1-3,50,Low,High
ERP software Pakistan,ERP Solutions,service-details.html#erp,Not Ranking,51-100,21-50,880,Medium,High
custom ERP development Pakistan,ERP Solutions,service-details.html#erp,Not Ranking,21-50,11-20,170,Low,High
ERP implementation Pakistan,ERP Solutions,service-details.html#erp,Not Ranking,21-50,11-20,320,Medium,High
best ERP software Pakistan,ERP Solutions,service-details.html#erp,Not Ranking,21-50,11-20,210,Medium,High
cloud ERP Pakistan,ERP Solutions,service-details.html#erp,Not Ranking,11-20,1-10,110,Low,High
ERP development company Pakistan,ERP Solutions,service-details.html#erp,Not Ranking,11-20,1-10,130,Low,High
ERP software for manufacturing Pakistan,ERP Solutions,/solutions/erp-manufacturing,Not Ranking,11-20,1-10,90,Low,High
ERP software Saudi Arabia,ERP Solutions,/solutions/zatca-compliance,Not Ranking,21-50,11-20,590,Medium,High
ERP system for retail Pakistan,ERP Solutions,/solutions/erp-retail,Not Ranking,11-20,1-10,50,Low,Medium
ERP software for SMEs Pakistan,ERP Solutions,/solutions/erp-sme,Not Ranking,11-20,1-10,40,Low,Medium
ZATCA integration,ZATCA/FBR Compliance,service-details.html#zatca-fbr,Not Ranking,11-20,1-10,880,Low,Critical
ZATCA Phase 2 compliance,ZATCA/FBR Compliance,service-details.html#zatca-fbr,Not Ranking,11-20,1-10,590,Low,Critical
ZATCA e-invoicing solution,ZATCA/FBR Compliance,service-details.html#zatca-fbr,Not Ranking,11-20,1-10,480,Low,Critical
ZATCA e-invoicing Saudi Arabia,ZATCA/FBR Compliance,/solutions/zatca-compliance,Not Ranking,1-10,1-5,720,Low,Critical
ZATCA Phase 2 integration,ZATCA/FBR Compliance,/solutions/zatca-compliance,Not Ranking,1-10,1-5,390,Low,Critical
ZATCA approved software,ZATCA/FBR Compliance,service-details.html#zatca-fbr,Not Ranking,11-20,1-10,260,Low,Critical
ZATCA compliant POS,ZATCA/FBR Compliance,/solutions/zatca-compliance,Not Ranking,1-10,1-5,170,Low,Critical
ZATCA API integration,ZATCA/FBR Compliance,/solutions/zatca-compliance,Not Ranking,1-10,1-5,130,Low,Critical
ZATCA integration software Pakistan,ZATCA/FBR Compliance,service-details.html#zatca-fbr,Not Ranking,1-10,1-5,90,Low,Critical
e-invoicing Pakistan,ZATCA/FBR Compliance,service-details.html#zatca-fbr,Not Ranking,11-20,1-10,720,Low,Critical
FBR integration Pakistan,ZATCA/FBR Compliance,service-details.html#zatca-fbr,Not Ranking,11-20,1-10,390,Low,Critical
FBR tax invoicing software,ZATCA/FBR Compliance,service-details.html#zatca-fbr,Not Ranking,11-20,1-10,480,Low,Critical
FBR POS integration,ZATCA/FBR Compliance,service-details.html#zatca-fbr,Not Ranking,1-10,1-5,260,Low,Critical
FBR e-invoicing software Pakistan,ZATCA/FBR Compliance,service-details.html#zatca-fbr,Not Ranking,1-10,1-5,320,Low,Critical
FBR POS software Pakistan,ZATCA/FBR Compliance,service-details.html#zatca-fbr,Not Ranking,1-10,1-5,210,Low,Critical
FBR compliant software Pakistan,ZATCA/FBR Compliance,service-details.html#zatca-fbr,Not Ranking,1-10,1-5,140,Low,Critical
tax invoicing software Pakistan,ZATCA/FBR Compliance,service-details.html#zatca-fbr,Not Ranking,11-20,1-10,170,Low,High
sales tax management software Pakistan,ZATCA/FBR Compliance,service-details.html#zatca-fbr,Not Ranking,11-20,1-10,90,Low,Medium
SRB e-invoicing,ZATCA/FBR Compliance,service-details.html#zatca-fbr,Not Ranking,11-20,1-10,110,Low,Medium
PRA e-filing software Pakistan,ZATCA/FBR Compliance,service-details.html#zatca-fbr,Not Ranking,11-20,1-10,70,Low,Medium
AI chatbot development Pakistan,AI & Automation,service-details.html#ai-automation,Not Ranking,11-20,1-10,260,Low,High
chatbot development company Pakistan,AI & Automation,service-details.html#ai-automation,Not Ranking,11-20,1-10,170,Low,High
AI automation company Pakistan,AI & Automation,service-details.html#ai-automation,Not Ranking,11-20,1-10,140,Low,High
custom AI development Pakistan,AI & Automation,service-details.html#ai-automation,Not Ranking,1-10,1-5,90,Low,High
AI development company Pakistan,AI & Automation,service-details.html#ai-automation,Not Ranking,11-20,1-10,170,Low,High
AI agent development Pakistan,AI & Automation,service-details.html#ai-automation,Not Ranking,1-10,1-5,70,Low,High
LLM fine-tuning services,AI & Automation,service-details.html#llm,Not Ranking,1-10,1-5,320,Low,High
RAG chatbot development,AI & Automation,service-details.html#llm,Not Ranking,1-10,1-5,170,Low,High
GPT integration services Pakistan,AI & Automation,service-details.html#llm,Not Ranking,1-10,1-5,110,Low,High
business automation software Pakistan,AI & Automation,service-details.html#bpa,Not Ranking,21-50,11-20,210,Medium,High
process automation software Pakistan,AI & Automation,service-details.html#bpa,Not Ranking,11-20,1-10,140,Low,High
workflow automation software Pakistan,AI & Automation,service-details.html#bpa,Not Ranking,1-10,1-5,110,Low,High
AI powered ERP Pakistan,AI & Automation,service-details.html#erp,Not Ranking,1-10,1-5,50,Low,High
LMS software Pakistan,LMS & Education,service-details.html#lms,Not Ranking,21-50,11-20,260,Medium,High
learning management system Pakistan,LMS & Education,service-details.html#lms,Not Ranking,21-50,11-20,480,Medium,High
LMS for schools Pakistan,LMS & Education,service-details.html#lms,Not Ranking,1-10,1-5,140,Low,High
LMS for universities Pakistan,LMS & Education,service-details.html#lms,Not Ranking,1-10,1-5,110,Low,High
LMS for corporate training Pakistan,LMS & Education,service-details.html#lms,Not Ranking,1-10,1-5,70,Low,High
e-learning platform development Pakistan,LMS & Education,service-details.html#lms,Not Ranking,1-10,1-5,90,Low,High
custom LMS development Pakistan,LMS & Education,service-details.html#lms,Not Ranking,1-10,1-3,50,Low,High
school management software Pakistan,LMS & Education,/solutions/school-management,Not Ranking,11-20,1-10,390,Medium,High
custom software development Pakistan,Development Services,services.html,Not Ranking,51-100,21-50,720,High,High
web development company Pakistan,Development Services,service-details.html#web-mobile,Not Ranking,51-100,21-50,1600,High,High
mobile app development Pakistan,Development Services,service-details.html#web-mobile,Not Ranking,51-100,21-50,1900,High,High
full stack development company Pakistan,Development Services,service-details.html#web-mobile,Not Ranking,21-50,11-20,170,Medium,High
hire software developers Pakistan,Development Services,contact.html,Not Ranking,21-50,11-20,390,Medium,High
Python development company Pakistan,Development Services,/services/python-development,Not Ranking,1-10,1-5,110,Low,High
PHP development company Pakistan,Development Services,/services/php-development,Not Ranking,1-10,1-5,90,Low,High
backend development company Pakistan,Development Services,service-details.html#web-mobile,Not Ranking,1-10,1-5,90,Low,High
outsource software development Pakistan,Development Services,services.html,Not Ranking,21-50,11-20,260,Medium,High
IT services company Pakistan,Development Services,services.html,Not Ranking,21-50,11-20,260,Medium,High
software house Karachi,Geographic/Regional,index.html,Not Ranking,21-50,11-20,390,Medium,High
software development Lahore,Geographic/Regional,index.html,Not Ranking,21-50,11-20,480,Medium,High
IT company Riyadh,Geographic/Regional,about.html,Not Ranking,21-50,11-20,320,Medium,High
software company Saudi Arabia,Geographic/Regional,about.html,Not Ranking,51-100,21-50,880,High,Medium
software outsourcing Saudi Arabia,Geographic/Regional,services.html,Not Ranking,21-50,11-20,170,Medium,High
software company UAE,Geographic/Regional,about.html,Not Ranking,51-100,21-50,1300,High,Medium
software development UAE,Geographic/Regional,about.html,Not Ranking,51-100,21-50,1600,High,Medium
software house Islamabad,Geographic/Regional,index.html,Not Ranking,21-50,11-20,260,Medium,Medium
